loop,n_points,style_eta_sq,provider_eta_sq,style_pct,provider_pct,ratio,style_eta_x,style_eta_y,provider_eta_x,provider_eta_y
1,13112,0.49050223964139744,0.018421618035030334,49.05022396413975,1.8421618035030334,26.626447183339927,0.6121330383999238,0.36887144088287105,0.02399680271154527,0.012846433358515395
2,13112,0.49360900624058746,0.06645729173637373,49.36090062405874,6.645729173637373,7.427461958556204,0.5634404323626138,0.4237775801185612,0.04520833698204264,0.08770624649070481
3,13112,0.49593318318950097,0.09058705669081003,49.5933183189501,9.058705669081004,5.474658315505386,0.559220635156666,0.432645731222336,0.056069945159139815,0.12510416822248024
4,13112,0.4975780412321408,0.10044324246893138,49.75780412321408,10.044324246893138,4.953822965104389,0.5572470833849452,0.4379089990793363,0.061984204266912715,0.13890228067095003
5,13112,0.5001114222336889,0.10435109163133549,50.011142223368886,10.43510916313355,4.7925844800986335,0.5585385150073667,0.441684329460011,0.06389781416867686,0.14480436909399413
6,13112,0.5027947269203428,0.10663495099247634,50.279472692034275,10.663495099247635,4.715102527273798,0.5579698766540421,0.4476195771866436,0.06606228529739713,0.14720761668755555
7,13112,0.5004055088943368,0.10766889947355848,50.040550889433675,10.766889947355848,4.647632801496473,0.5546422083903126,0.4461688093983609,0.06821606355818725,0.1471217353889297
